{
  "source": "Riess et al. 2016 J/ApJ/826/56 (via Paper 2)",
  "n_configurations": 210,
  "overall": {
    "h0_mean": 73.5887619047619,
    "h0_std": 1.5564944634690332,
    "h0_sem": 0.10740832225470359
  },
  "anchors": {
    "N": {
      "name": "NGC4258",
      "count": 24,
      "h0_values": [
        72.02,
        72.29,
        73.07,
        72.55,
        72.7,
        72.74,
        72.88,
        72.8,
        71.97,
        72.37,
        71.34,
        70.77,
        70.86,
        74.11,
        71.97,
        72.32,
        74.16,
        72.67,
        72.29,
        72.63,
        73.66,
        72.72,
        73.14,
        72.22
      ],
      "h0_uncertainties": [
        2.36,
        2.38,
        2.42,
        2.54,
        2.47,
        2.47,
        2.43,
        2.47,
        2.37,
        2.38,
        2.34,
        2.37,
        2.34,
        2.43,
        2.37,
        2.38,
        2.5,
        2.38,
        2.38,
        2.43,
        2.53,
        2.47,
        2.51,
        2.24
      ],
      "h0_mean": 72.51041666666667,
      "h0_std": 0.8136874869314925,
      "h0_sem": 0.16609326275580935,
      "mean_uncertainty": 2.415
    },
    "M": {
      "name": "MilkyWay",
      "count": 23,
      "h0_values": [
        75.91,
        75.89,
        74.34,
        76.06,
        76.18,
        76.18,
        74.39,
        75.72,
        76.01,
        75.99,
        75.88,
        74.14,
        76.04,
        77.7,
        75.41,
        75.92,
        77.63,
        77.6,
        77.56,
        76.25,
        77.1,
        76.34,
        76.78
      ],
      "h0_uncertainties": [
        2.15,
        2.16,
        2.06,
        2.53,
        2.35,
        2.35,
        2.12,
        2.35,
        2.16,
        2.18,
        2.14,
        3.68,
        2.14,
        2.36,
        2.15,
        2.16,
        2.29,
        2.2,
        2.4,
        2.22,
        2.32,
        2.28,
        2.31
      ],
      "h0_mean": 76.13130434782606,
      "h0_std": 0.9665146002983044,
      "h0_sem": 0.2015322255588088,
      "mean_uncertainty": 2.3069565217391306
    },
    "L": {
      "name": "LMC",
      "count": 23,
      "h0_values": [
        71.82,
        72.02,
        70.74,
        72.33,
        72.07,
        72.06,
        70.85,
        71.59,
        72.06,
        72.07,
        72.0,
        71.86,
        71.6,
        73.57,
        72.83,
        72.05,
        74.04,
        73.21,
        72.68,
        72.36,
        73.54,
        72.45,
        72.87
      ],
      "h0_uncertainties": [
        2.55,
        2.56,
        2.48,
        2.87,
        2.71,
        2.7,
        2.52,
        2.7,
        2.56,
        2.58,
        2.56,
        2.74,
        2.53,
        2.73,
        2.57,
        2.56,
        2.69,
        2.6,
        2.56,
        2.61,
        2.71,
        2.66,
        2.69
      ],
      "h0_mean": 72.29,
      "h0_std": 0.7853883005295526,
      "h0_sem": 0.1637647812922014,
      "mean_uncertainty": 2.6278260869565218
    }
  },
  "systematic_parameters": {
    "Brk": {
      "unique_values": [
        "Y",
        "N",
        "10",
        "60"
      ],
      "n_variations": 4
    },
    "Clp": {
      "unique_values": [
        "1",
        "G",
        "I"
      ],
      "n_variations": 3
    },
    "Clt": {
      "unique_values": [
        "2.7",
        "nan",
        "3.5"
      ],
      "n_variations": 3
    },
    "Opt": {
      "unique_values": [
        "Y",
        "N"
      ],
      "n_variations": 2
    },
    "PL": {
      "unique_values": [
        "W_H",
        "H",
        "W_I"
      ],
      "n_variations": 3
    },
    "R": {
      "unique_values": [
        "F",
        "C",
        "N"
      ],
      "n_variations": 3
    },
    "RV": {
      "unique_values": [
        "3.3",
        "2.5"
      ],
      "n_variations": 2
    }
  },
  "reference_value": {
    "riess_2022": {
      "h0": 73.04,
      "uncertainty": 1.04,
      "note": "Updated result from Riess+ 2022 ApJ 934, L7"
    }
  }
}