{
  "n_samples_total": 24497,
  "n_samples_effective": 55091.0,
  "parameters": {
    "H0": {
      "mean": 67.27331189831371,
      "std": 0.6040822485825148
    },
    "tau": {
      "mean": 0.05444509440053729,
      "std": 0.007874859680296484
    },
    "omegabh2": {
      "mean": 0.02235975023942205,
      "std": 0.00014879589662060205
    },
    "omegach2": {
      "mean": 0.12020023642700259,
      "std": 0.0013661348428128588
    },
    "logA": {
      "mean": 3.044735218293369,
      "std": 0.015912757804328707
    },
    "ns": {
      "mean": 0.9648574419923399,
      "std": 0.004368113694735629
    }
  },
  "covariance": {
    "H0_tau": 0.0013408444632984381,
    "H0_omegab": 6.504473246532865e-05,
    "H0_omegac": -0.0007982119835175411
  }
}