{
  "label": "DESI LRG",
  "dataset": "lrg",
  "splits": {
    "full": {
      "chi2_grid": [
        0.10066820803249468,
        0.10143752174109942,
        0.10223245617130892,
        0.10308516554798196,
        0.10388319843416914,
        0.10492905756415716,
        0.10613601174773088,
        0.10724378951141396,
        0.10832484760629751,
        0.10951765872112333,
        0.11079365391123573,
        0.11209405651618783,
        0.11334462341838919,
        0.11480882398101362,
        0.11645576139312132,
        0.11801635362988463
      ],
      "best_fit": 0.26,
      "chi2_min": 0.10066820803249468,
      "ci68": [
        0.26,
        0.3350000000000001
      ],
      "ci95": [
        0.26,
        0.3350000000000001
      ],
      "dchi2_vs_planck": 0.011425848483693143,
      "dchi2_vs_prereg": 0.006575581478919276,
      "chi2_planck": 0.11209405651618783,
      "chi2_prereg": 0.10724378951141396
    },
    "masked": {
      "chi2_grid": [
        0.10030255588396908,
        0.10103635742179419,
        0.10184532926726501,
        0.1027027692027269,
        0.10351531676249605,
        0.10454033896953491,
        0.10575192771664549,
        0.10689012315457337,
        0.10798582926619392,
        0.10917597157980742,
        0.11041028126584702,
        0.11169022248301584,
        0.112957415615156,
        0.11446482442613522,
        0.11614426749562966,
        0.11779506635161965
      ],
      "best_fit": 0.26,
      "chi2_min": 0.10030255588396908,
      "ci68": [
        0.26,
        0.3350000000000001
      ],
      "ci95": [
        0.26,
        0.3350000000000001
      ],
      "dchi2_vs_planck": 0.011387666599046761,
      "dchi2_vs_prereg": 0.0065875672706042915,
      "chi2_planck": 0.11169022248301584,
      "chi2_prereg": 0.10689012315457337
    },
    "north": {
      "chi2_grid": [
        0.10367706104007268,
        0.10441412466278605,
        0.10525427964107793,
        0.106144742128955,
        0.10702989654538692,
        0.10800069124521222,
        0.1091629567930652,
        0.11036877392328603,
        0.111507670563003,
        0.11276765700411423,
        0.11407768856441597,
        0.11540701337408692,
        0.116774982736687,
        0.11826330942538639,
        0.1200364860649065,
        0.12165540393175713
      ],
      "best_fit": 0.26,
      "chi2_min": 0.10367706104007268,
      "ci68": [
        0.26,
        0.3350000000000001
      ],
      "ci95": [
        0.26,
        0.3350000000000001
      ],
      "dchi2_vs_planck": 0.011729952334014235,
      "dchi2_vs_prereg": 0.006691712883213352,
      "chi2_planck": 0.11540701337408692,
      "chi2_prereg": 0.11036877392328603,
      "n_gals": 1435487
    },
    "south": {
      "chi2_grid": [
        0.09380834158997993,
        0.09452407746850731,
        0.09522035593314027,
        0.09597553438928917,
        0.096613403872275,
        0.09786427286936282,
        0.09916447890183537,
        0.10012527154929166,
        0.10117225397049102,
        0.10212904931874299,
        0.10323191615076276,
        0.10434843444174018,
        0.1055139799566947,
        0.107026205990766,
        0.10844502495691294,
        0.11024496884844412
      ],
      "best_fit": 0.26,
      "chi2_min": 0.09380834158997993,
      "ci68": [
        0.26,
        0.3350000000000001
      ],
      "ci95": [
        0.26,
        0.3350000000000001
      ],
      "dchi2_vs_planck": 0.010540092851760247,
      "dchi2_vs_prereg": 0.006316929959311726,
      "chi2_planck": 0.10434843444174018,
      "chi2_prereg": 0.10012527154929166,
      "n_gals": 645902
    },
    "low_xi": {
      "chi2_grid": [
        0.19387130889269252,
        0.19276969984493295,
        0.19284891023563916,
        0.1937621398070497,
        0.195887455801668,
        0.19919373787482605,
        0.20434293421126598,
        0.2115989338947968,
        0.22182425327474603,
        0.23546261542643027,
        0.2535152542428877,
        0.27978750663149077,
        0.3168591543699997,
        0.36973980979657806,
        0.4501213435945451,
        0.5784294822544409
      ],
      "best_fit": 0.265,
      "chi2_min": 0.19276969984493295,
      "ci68": [
        0.26,
        0.3350000000000001
      ],
      "ci95": [
        0.26,
        0.3350000000000001
      ],
      "dchi2_vs_planck": 0.08701780678655782,
      "dchi2_vs_prereg": 0.018829234049863863,
      "chi2_planck": 0.27978750663149077,
      "chi2_prereg": 0.2115989338947968,
      "xi_split": 0.5800023041553904
    },
    "high_xi": {
      "chi2_grid": [
        0.008888256112745912,
        0.0292239724229508,
        0.12373033575880876,
        60179398836.52354,
        60179398836.54167,
        60179398836.61528,
        60179398839.277725,
        118396621913.77586,
        118396621913.8152,
        118396621914.035,
        174700048138.4942,
        174700048138.51025,
        174700048138.56323,
        174700048138.9525,
        229137254592.82938,
        229137254592.84363
      ],
      "best_fit": 0.26,
      "chi2_min": 0.008888256112745912,
      "ci68": [
        0.26,
        0.27
      ],
      "ci95": [
        0.26,
        0.27
      ],
      "dchi2_vs_planck": 174700048138.50137,
      "dchi2_vs_prereg": 118396621913.76697,
      "chi2_planck": 174700048138.51025,
      "chi2_prereg": 118396621913.77586,
      "xi_split": 0.5800023041553904
    }
  },
  "null": {
    "n_bootstrap": 200,
    "chi2_observed": 0.10030255588396908,
    "null_mean": 0.11163132269173691,
    "null_std": 0.00020597599995713744,
    "p_empirical": 0.0
  }
}