{
  "label": "DESI BGS",
  "dataset": "bgs",
  "splits": {
    "full": {
      "chi2_grid": [
        0.8659010089842625,
        0.8673238741317134,
        0.8691721618577973,
        0.8711904527828642,
        0.8732555560799523,
        0.8748817495491922,
        0.8767345161119481,
        0.8791897850508649,
        0.8807377957889163,
        0.8827192677322101,
        0.8853610604167472,
        0.8870057666727496,
        0.8893237336393522,
        0.8913324006647351,
        0.8929559977750521,
        0.8953335928776301
      ],
      "best_fit": 0.26,
      "chi2_min": 0.8659010089842625,
      "ci68": [
        0.26,
        0.3350000000000001
      ],
      "ci95": [
        0.26,
        0.3350000000000001
      ],
      "dchi2_vs_planck": 0.021104757688487075,
      "dchi2_vs_prereg": 0.013288776066602392,
      "chi2_planck": 0.8870057666727496,
      "chi2_prereg": 0.8791897850508649
    },
    "masked": {
      "chi2_grid": [
        0.8650738371058502,
        0.8665347612658343,
        0.8682924946653644,
        0.8702761412791881,
        0.8724347605358641,
        0.8740939425911216,
        0.875975534699615,
        0.8784148714034566,
        0.8800189349694294,
        0.8820380376821165,
        0.8845418280180567,
        0.8861184204004975,
        0.8883703202070562,
        0.890432761749511,
        0.8920645169830537,
        0.894320038593348
      ],
      "best_fit": 0.26,
      "chi2_min": 0.8650738371058502,
      "ci68": [
        0.26,
        0.3350000000000001
      ],
      "ci95": [
        0.26,
        0.3350000000000001
      ],
      "dchi2_vs_planck": 0.021044583294647312,
      "dchi2_vs_prereg": 0.013341034297606469,
      "chi2_planck": 0.8861184204004975,
      "chi2_prereg": 0.8784148714034566
    },
    "north": {
      "chi2_grid": [
        0.8694793858724421,
        0.87086724873315,
        0.8724914139514991,
        0.8739070714563869,
        0.8759546438506461,
        0.8775200653419685,
        0.8791872178411805,
        0.8816578997915765,
        0.8835400864185334,
        0.8854329340379508,
        0.8877733364228724,
        0.8889900983577502,
        0.8908780438863121,
        0.8929008089642142,
        0.8944351441823539,
        0.89648175461334
      ],
      "best_fit": 0.26,
      "chi2_min": 0.8694793858724421,
      "ci68": [
        0.26,
        0.3350000000000001
      ],
      "ci95": [
        0.26,
        0.3350000000000001
      ],
      "dchi2_vs_planck": 0.019510712485308113,
      "dchi2_vs_prereg": 0.012178513919134382,
      "chi2_planck": 0.8889900983577502,
      "chi2_prereg": 0.8816578997915765,
      "n_gals": 2664830
    },
    "south": {
      "chi2_grid": [
        0.8538237937312968,
        0.8554385725880195,
        0.8575163459018844,
        0.8613305015864741,
        0.8638397280259705,
        0.8658318115669297,
        0.8684461297534503,
        0.8707145220446548,
        0.8712957966496309,
        0.8737003662045905,
        0.8767301613193575,
        0.8794986664086645,
        0.8829244543208481,
        0.8851528797135897,
        0.8871061773186608,
        0.890068919602119
      ],
      "best_fit": 0.26,
      "chi2_min": 0.8538237937312968,
      "ci68": [
        0.26,
        0.3350000000000001
      ],
      "ci95": [
        0.26,
        0.3350000000000001
      ],
      "dchi2_vs_planck": 0.025674872677367677,
      "dchi2_vs_prereg": 0.016890728313358028,
      "chi2_planck": 0.8794986664086645,
      "chi2_prereg": 0.8707145220446548,
      "n_gals": 883669
    },
    "low_xi": {
      "chi2_grid": [
        0.20766755473657958,
        0.20959717116175233,
        0.21162089185561658,
        0.2137684508738293,
        0.21605180910232716,
        0.2184646169694694,
        0.2210592467963977,
        0.22367878400146343,
        0.2264661183017996,
        0.22950716621327488,
        0.23280728800067976,
        0.2363691635682654,
        0.24000909614716726,
        0.24383353662773757,
        0.2478392916558468,
        0.25200817166076706
      ],
      "best_fit": 0.26,
      "chi2_min": 0.20766755473657958,
      "ci68": [
        0.26,
        0.3350000000000001
      ],
      "ci95": [
        0.26,
        0.3350000000000001
      ],
      "dchi2_vs_planck": 0.02870160883168582,
      "dchi2_vs_prereg": 0.016011229264883853,
      "chi2_planck": 0.2363691635682654,
      "chi2_prereg": 0.22367878400146343,
      "xi_split": 0.18035795759569664
    },
    "high_xi": {
      "chi2_grid": [
        0.32869439114321025,
        0.3390417086475405,
        0.3510748709221091,
        0.3655659106068208,
        0.38363815187693784,
        0.4059791219223957,
        0.43461806172222645,
        0.4718422200593402,
        0.5203554548433499,
        0.5880523462901202,
        0.6847506320337838,
        0.8475158309246283,
        1.1435491353037512,
        1.8937941959011766,
        7.595547609822286,
        98220140819.36873
      ],
      "best_fit": 0.26,
      "chi2_min": 0.32869439114321025,
      "ci68": [
        0.26,
        0.32000000000000006
      ],
      "ci95": [
        0.26,
        0.32500000000000007
      ],
      "dchi2_vs_planck": 0.5188214397814181,
      "dchi2_vs_prereg": 0.14314782891612993,
      "chi2_planck": 0.8475158309246283,
      "chi2_prereg": 0.4718422200593402,
      "xi_split": 0.18035795759569664
    }
  },
  "null": {
    "n_bootstrap": 200,
    "chi2_observed": 0.8650738371058502,
    "null_mean": 0.8894261714646676,
    "null_std": 0.0004165186641031145,
    "p_empirical": 0.0
  }
}